<?xml version="1.0" encoding="UTF-8"?>
<GenRun Id="multiplier_synth_1" LaunchPart="xc7k325tffg676-2L" LaunchTime="1638629388">
  <File Type="PA-TCL" Name="multiplier.tcl"/>
  <File Type="RDS-PROPCONSTRS" Name="multiplier_drc_synth.rpt"/>
  <File Type="REPORTS-TCL" Name="multiplier_reports.tcl"/>
  <File Type="RDS-RDS" Name="multiplier.vds"/>
  <File Type="RDS-UTIL" Name="multiplier_utilization_synth.rpt"/>
  <File Type="RDS-UTIL-PB" Name="multiplier_utilization_synth.pb"/>
  <File Type="RDS-DCP" Name="multiplier.dcp"/>
  <File Type="VDS-TIMINGSUMMARY" Name="multiplier_timing_summary_synth.rpt"/>
  <File Type="VDS-TIMING-PB" Name="multiplier_timing_summary_synth.pb"/>
  <FileSet Name="sources" Type="BlockSrcs" RelSrcDir="$PSRCDIR/multiplier">
    <File Path="$PSRCDIR/sources_1/ip/multiplier/multiplier.xci">
      <FileInfo>
        <Attr Name="UsedIn" Val="synthesis"/>
        <Attr Name="UsedIn" Val="implementation"/>
        <Attr Name="UsedIn" Val="simulation"/>
      </FileInfo>
    </File>
    <Config>
      <Option Name="TopModule" Val="multiplier"/>
      <Option Name="UseBlackboxStub" Val="1"/>
    </Config>
  </FileSet>
  <FileSet Name="constrs_in" Type="BlockSrcs" RelSrcDir="$PSRCDIR/multiplier">
    <File Path="$PSRCDIR/sources_1/ip/multiplier/multiplier.xci">
      <FileInfo>
        <Attr Name="UsedIn" Val="synthesis"/>
        <Attr Name="UsedIn" Val="implementation"/>
        <Attr Name="UsedIn" Val="simulation"/>
      </FileInfo>
    </File>
    <Config>
      <Option Name="TopModule" Val="multiplier"/>
      <Option Name="UseBlackboxStub" Val="1"/>
    </Config>
  </FileSet>
  <FileSet Name="utils" Type="Utils" RelSrcDir="$PSRCDIR/utils_1">
    <Filter Type="Utils"/>
    <Config>
      <Option Name="TopAutoSet" Val="TRUE"/>
    </Config>
  </FileSet>
  <Strategy Version="1" Minor="2">
    <StratHandle Name="Vivado Synthesis Defaults" Flow="Vivado Synthesis 2018"/>
    <Step Id="synth_design"/>
  </Strategy>
</GenRun>
